nappedia_file,bytes,sc_twin_path,code_refs,nappedia_urls,date_added,last_edited
avocado_bali.jpg,890914,C:/Users/chris/standardcommand/public/assets/creative/bali_gallery/avocado_bali.jpg,public/index.html;public/mockups/modular-clean-home.html;public/modular-clean-home.html,/;(mockup) /mockups/modular-clean-home;/modular-clean-home,2026-09-06,2026-09-06
avocado_green_cutaway.jpg,965734,C:/Users/chris/standardcommand/public/assets/illustrations/avocado_green_cutaway.jpg,public/compare.html;public/mockups/compare.html;public/nappedia_quiz_interactive_v2.html;public/preview_nappedia_teardowns.html;public/quiz.html;public/sleep-quiz-v2.html,/compare;(mockup) /mockups/compare;/nappedia_quiz_interactive_v2;/preview_nappedia_teardowns,2026-09-03,2026-09-05
bali_clean_air.jpg,878796,C:/Users/chris/standardcommand/public/assets/illustrations/bali_clean_air.jpg,public/index.html;public/mockups/modular-clean-home.html;public/modular-clean-home.html,/;(mockup) /mockups/modular-clean-home;/modular-clean-home,2026-09-06,2026-09-06
bali_cliffside_sanctuary.jpg,947565,C:/Users/chris/standardcommand/public/assets/illustrations/bali_cliffside_sanctuary.jpg,,,2026-09-02,2026-09-02
bali_cooling_airflow.jpg,953315,C:/Users/chris/standardcommand/public/assets/illustrations/bali_cooling_airflow.jpg,public/index.html;public/mockups/modular-clean-home.html;public/modular-clean-home.html,/;(mockup) /mockups/modular-clean-home;/modular-clean-home,2026-09-06,2026-09-06
bali_editorial_exact_blend.jpg,802671,C:/Users/chris/standardcommand/public/assets/illustrations/bali_editorial_exact_blend.jpg,,,2026-09-02,2026-09-02
bali_editorial_wide_veranda.jpg,937151,C:/Users/chris/standardcommand/public/assets/illustrations/bali_editorial_wide_veranda.jpg,,,2026-09-02,2026-09-06
bali_flame_barrier.jpg,942741,C:/Users/chris/standardcommand/public/assets/illustrations/bali_flame_barrier.jpg,public/index.html;public/mockups/modular-clean-home.html;public/modular-clean-home.html,/;(mockup) /mockups/modular-clean-home;/modular-clean-home,2026-09-06,2026-09-06
bali_heavy_duty.jpg,919758,C:/Users/chris/standardcommand/public/assets/illustrations/bali_heavy_duty.jpg,public/index.html;public/mockups/modular-clean-home.html;public/modular-clean-home.html,/;(mockup) /mockups/modular-clean-home;/modular-clean-home,2026-09-06,2026-09-06
bali_japandi_editorial_v1.jpg,816873,C:/Users/chris/standardcommand/public/assets/illustrations/bali_japandi_editorial_v1.jpg,public/index.html;public/mockups/modular-clean-home.html;public/modular-clean-home.html,/;(mockup) /mockups/modular-clean-home;/modular-clean-home,2026-09-02,2026-09-02
bali_japandi_editorial_v2.jpg,841455,C:/Users/chris/standardcommand/public/assets/illustrations/bali_japandi_editorial_v2.jpg,,,2026-09-02,2026-09-02
bali_japandi_suite.jpg,851808,C:/Users/chris/standardcommand/public/assets/illustrations/bali_japandi_suite.jpg,,,2026-09-02,2026-09-02
bali_japandi_watercolor_master.jpg,802671,C:/Users/chris/standardcommand/public/assets/illustrations/bali_japandi_watercolor_master.jpg,scripts/build_saatva_mockup.py,,2026-09-02,2026-09-02
bali_luxury_craft.jpg,813689,C:/Users/chris/standardcommand/public/assets/illustrations/bali_luxury_craft.jpg,public/index.html;public/mockups/modular-clean-home.html;public/modular-clean-home.html,/;(mockup) /mockups/modular-clean-home;/modular-clean-home,2026-09-06,2026-09-06
bali_multibrand_pavilion.jpg,892307,C:/Users/chris/standardcommand/public/assets/illustrations/bali_multibrand_pavilion.jpg,public/index.html;public/mockups/modular-clean-home.html;public/modular-clean-home.html,/;(mockup) /mockups/modular-clean-home;/modular-clean-home,2026-09-02,2026-09-02
bali_pocketed_coils.jpg,920433,C:/Users/chris/standardcommand/public/assets/illustrations/bali_pocketed_coils.jpg,public/index.html;public/mockups/modular-clean-home.html;public/modular-clean-home.html,/;(mockup) /mockups/modular-clean-home;/modular-clean-home,2026-09-06,2026-09-06
bali_sagging_tolerance.jpg,937151,C:/Users/chris/standardcommand/public/assets/illustrations/bali_sagging_tolerance.jpg,public/index.html;public/mockups/modular-clean-home.html;public/modular-clean-home.html,/;(mockup) /mockups/modular-clean-home;/modular-clean-home,2026-09-06,2026-09-06
bali_sleep_trial.jpg,865351,C:/Users/chris/standardcommand/public/assets/illustrations/bali_sleep_trial.jpg,public/index.html;public/mockups/modular-clean-home.html;public/modular-clean-home.html,/;(mockup) /mockups/modular-clean-home;/modular-clean-home,2026-09-06,2026-09-06
beautyrest_bali.jpg,752226,C:/Users/chris/standardcommand/public/assets/creative/bali_gallery/beautyrest_bali.jpg,,,2026-09-06,2026-09-06
brooklyn_bali.jpg,765328,C:/Users/chris/standardcommand/public/assets/creative/bali_gallery/brooklyn_bali.jpg,public/compare.html;public/mockups/compare.html,/compare;(mockup) /mockups/compare,2026-09-06,2026-09-06
casper_bali.jpg,831594,C:/Users/chris/standardcommand/public/assets/creative/bali_gallery/casper_bali.jpg,public/compare.html;public/index.html;public/mockups/compare.html;public/mockups/modular-clean-home.html;public/modular-clean-home.html,/compare;/;(mockup) /mockups/compare;(mockup) /mockups/modular-clean-home,2026-09-06,2026-09-06
clinical_spinal_biomechanics.jpg,913220,C:/Users/chris/standardcommand/public/assets/illustrations/clinical_spinal_biomechanics.jpg,,,2026-09-06,2026-09-06
contour5_watercolor.jpg,744337,C:/Users/chris/standardcommand/public/assets/illustrations/contour5_watercolor.jpg,app/components/SaatvaBrandHub.tsx;app/data/saatvaIllustrations.ts;app/data/saatvaResearch.ts;public/compare.html;public/mockups/compare.html;public/mockups/saatva-brand-page.html,via app/components/SaatvaBrandHub.tsx;via app/data/researchRecords.ts;/compare;(mockup) /mockups/compare,2026-09-06,2026-09-06
crib_mattress_watercolor.jpg,751305,C:/Users/chris/standardcommand/public/assets/illustrations/crib_mattress_watercolor.jpg,app/components/SaatvaBrandHub.tsx;app/data/saatvaIllustrations.ts;app/data/saatvaResearch.ts;public/mockups/saatva-brand-page.html;public/saatva-brand-page.html;scripts/build_saatva_mockup.py,via app/components/SaatvaBrandHub.tsx;via app/data/researchRecords.ts;(mockup) /mockups/saatva-brand-page;/saatva-brand-page,2026-09-06,2026-09-06
helix_bali.jpg,774799,C:/Users/chris/standardcommand/public/assets/creative/bali_gallery/helix_bali.jpg,public/compare.html;public/index.html;public/mockups/compare.html;public/mockups/modular-clean-home.html;public/modular-clean-home.html,/compare;/;(mockup) /mockups/compare;(mockup) /mockups/modular-clean-home,2026-09-06,2026-09-06
hydrated_silica_barrier_knit.jpg,946319,C:/Users/chris/standardcommand/public/assets/illustrations/hydrated_silica_barrier_knit.jpg,,,2026-09-06,2026-09-06
loom_and_leaf_watercolor.jpg,744679,C:/Users/chris/standardcommand/public/assets/illustrations/loom_and_leaf_watercolor.jpg,app/components/SaatvaBrandHub.tsx;app/data/saatvaIllustrations.ts;app/data/saatvaResearch.ts;public/mockups/saatva-brand-page.html;public/saatva-brand-page.html;scripts/build_saatva_mockup.py,via app/components/SaatvaBrandHub.tsx;via app/data/researchRecords.ts;(mockup) /mockups/saatva-brand-page;/saatva-brand-page,2026-09-06,2026-09-06
memory_foam_hybrid_watercolor.jpg,793462,C:/Users/chris/standardcommand/public/assets/illustrations/memory_foam_hybrid_watercolor.jpg,app/components/SaatvaBrandHub.tsx;app/data/saatvaIllustrations.ts;app/data/saatvaResearch.ts;public/compare.html;public/mockups/compare.html;public/mockups/saatva-brand-page.html,via app/components/SaatvaBrandHub.tsx;via app/data/researchRecords.ts;/compare;(mockup) /mockups/compare,2026-09-06,2026-09-06
nectar_bali.jpg,752773,C:/Users/chris/standardcommand/public/assets/creative/bali_gallery/nectar_bali.jpg,,,2026-09-06,2026-09-06
purple_bali.jpg,859837,C:/Users/chris/standardcommand/public/assets/creative/bali_gallery/purple_bali.jpg,public/compare.html;public/index.html;public/mockups/compare.html;public/mockups/modular-clean-home.html;public/modular-clean-home.html,/compare;/;(mockup) /mockups/compare;(mockup) /mockups/modular-clean-home,2026-09-06,2026-09-06
purple_restore_cutaway.jpg,866140,C:/Users/chris/standardcommand/public/assets/illustrations/purple_restore_cutaway.jpg,public/compare.html;public/mockups/compare.html;public/nappedia_quiz_interactive_v2.html;public/preview_nappedia_teardowns.html;public/quiz.html;public/sleep-quiz-v2.html,/compare;(mockup) /mockups/compare;/nappedia_quiz_interactive_v2;/preview_nappedia_teardowns,2026-09-03,2026-09-05
research_replacement_cycle.jpg,878187,C:/Users/chris/standardcommand/public/assets/illustrations/research_replacement_cycle.jpg,public/index.html;public/mockups/modular-clean-home.html;public/modular-clean-home.html,/;(mockup) /mockups/modular-clean-home;/modular-clean-home,2026-09-06,2026-09-06
research_silica_barrier.jpg,946319,C:/Users/chris/standardcommand/public/assets/illustrations/research_silica_barrier.jpg,public/index.html;public/mockups/modular-clean-home.html;public/modular-clean-home.html,/;(mockup) /mockups/modular-clean-home;/modular-clean-home,2026-09-06,2026-09-06
research_spinal_alignment.jpg,913220,C:/Users/chris/standardcommand/public/assets/illustrations/research_spinal_alignment.jpg,public/index.html;public/mockups/modular-clean-home.html;public/modular-clean-home.html,/;(mockup) /mockups/modular-clean-home;/modular-clean-home,2026-09-06,2026-09-06
s_brands_ranked_minimalist.jpg,654595,C:/Users/chris/standardcommand/public/assets/illustrations/s_brands_ranked_minimalist.jpg,,,2026-09-02,2026-09-02
saatva_adjustable_base_watercolor.jpg,771642,C:/Users/chris/standardcommand/public/assets/illustrations/saatva_adjustable_base_watercolor.jpg,app/components/SaatvaBrandHub.tsx;app/data/saatvaIllustrations.ts;public/mockups/saatva-brand-page.html;public/saatva-brand-page.html;scripts/build_saatva_mockup.py;scripts/verify_phase1_assets.cjs,via app/components/SaatvaBrandHub.tsx;(mockup) /mockups/saatva-brand-page;/saatva-brand-page,2026-09-06,2026-09-06
saatva_bali.jpg,753800,C:/Users/chris/standardcommand/public/assets/creative/bali_gallery/saatva_bali.jpg,public/index.html;public/mockups/modular-clean-home.html;public/modular-clean-home.html,/;(mockup) /mockups/modular-clean-home;/modular-clean-home,2026-09-06,2026-09-06
saatva_bedding_comforter_watercolor.jpg,666936,C:/Users/chris/standardcommand/public/assets/illustrations/saatva_bedding_comforter_watercolor.jpg,app/components/SaatvaBrandHub.tsx;app/data/saatvaIllustrations.ts;public/mockups/saatva-brand-page.html;public/saatva-brand-page.html;scripts/build_saatva_mockup.py;scripts/verify_phase1_assets.cjs,via app/components/SaatvaBrandHub.tsx;(mockup) /mockups/saatva-brand-page;/saatva-brand-page,2026-09-06,2026-09-06
saatva_bedding_flannel_watercolor.jpg,729058,C:/Users/chris/standardcommand/public/assets/illustrations/saatva_bedding_flannel_watercolor.jpg,app/components/SaatvaBrandHub.tsx;app/data/saatvaIllustrations.ts;public/mockups/saatva-brand-page.html;public/saatva-brand-page.html;scripts/build_saatva_mockup.py;scripts/verify_phase1_assets.cjs,via app/components/SaatvaBrandHub.tsx;(mockup) /mockups/saatva-brand-page;/saatva-brand-page,2026-09-06,2026-09-06
saatva_bedding_linen_watercolor.jpg,702599,C:/Users/chris/standardcommand/public/assets/illustrations/saatva_bedding_linen_watercolor.jpg,app/components/SaatvaBrandHub.tsx;app/data/saatvaIllustrations.ts;public/mockups/saatva-brand-page.html;public/saatva-brand-page.html;scripts/build_saatva_mockup.py;scripts/verify_phase1_assets.cjs,via app/components/SaatvaBrandHub.tsx;(mockup) /mockups/saatva-brand-page;/saatva-brand-page,2026-09-06,2026-09-06
saatva_bedding_percale_watercolor.jpg,617067,C:/Users/chris/standardcommand/public/assets/illustrations/saatva_bedding_percale_watercolor.jpg,app/components/SaatvaBrandHub.tsx;app/data/saatvaIllustrations.ts;public/mockups/saatva-brand-page.html;public/saatva-brand-page.html;scripts/build_saatva_mockup.py;scripts/verify_phase1_assets.cjs,via app/components/SaatvaBrandHub.tsx;(mockup) /mockups/saatva-brand-page;/saatva-brand-page,2026-09-06,2026-09-06
saatva_bedding_watercolor.jpg,663742,C:/Users/chris/standardcommand/public/assets/illustrations/saatva_bedding_watercolor.jpg,app/components/SaatvaBrandHub.tsx;app/data/saatvaIllustrations.ts;public/mockups/saatva-brand-page.html;public/saatva-brand-page.html;scripts/build_saatva_mockup.py;scripts/verify_phase1_assets.cjs,via app/components/SaatvaBrandHub.tsx;(mockup) /mockups/saatva-brand-page;/saatva-brand-page,2026-09-06,2026-09-06
saatva_classic_9plus_cutaway.jpg,902670,C:/Users/chris/standardcommand/public/assets/illustrations/saatva_classic_9plus_cutaway.jpg,public/preview_nappedia_teardowns.html;scripts/brands_export.json;scripts/make_saatva_page_c3.py;scripts/update_nappedia_csv.py;scripts/verify_audit.py,/preview_nappedia_teardowns,2026-09-03,2026-09-05
saatva_classic_cutaway.jpg,825314,C:/Users/chris/standardcommand/public/assets/illustrations/saatva_classic_cutaway.jpg,public/compare.html;public/mockup-modular-home.html;public/mockups/compare.html;public/nappedia-anti-slop-home.html;public/nappedia-modular-home-950.html;public/nappedia_quiz_interactive_v2.html,/compare;/mockup-modular-home;(mockup) /mockups/compare;/nappedia-anti-slop-home,2026-09-03,2026-09-05
saatva_classic_watercolor.jpg,765522,C:/Users/chris/standardcommand/public/assets/illustrations/saatva_classic_watercolor.jpg,app/components/SaatvaBrandHub.tsx;app/data/saatvaIllustrations.ts;app/data/saatvaResearch.ts;public/mockups/saatva-brand-page.html;public/saatva-brand-page.html;scripts/build_saatva_mockup.py,via app/components/SaatvaBrandHub.tsx;via app/data/researchRecords.ts;(mockup) /mockups/saatva-brand-page;/saatva-brand-page,2026-09-06,2026-09-06
saatva_foundation_watercolor.jpg,750276,C:/Users/chris/standardcommand/public/assets/illustrations/saatva_foundation_watercolor.jpg,app/components/SaatvaBrandHub.tsx;app/data/saatvaIllustrations.ts;public/mockups/saatva-brand-page.html;public/saatva-brand-page.html;scripts/build_saatva_mockup.py;scripts/verify_phase1_assets.cjs,via app/components/SaatvaBrandHub.tsx;(mockup) /mockups/saatva-brand-page;/saatva-brand-page,2026-09-06,2026-09-06
saatva_hd_watercolor.jpg,760363,C:/Users/chris/standardcommand/public/assets/illustrations/saatva_hd_watercolor.jpg,app/components/SaatvaBrandHub.tsx;app/data/saatvaIllustrations.ts;app/data/saatvaResearch.ts;public/compare.html;public/mockups/compare.html;public/mockups/saatva-brand-page.html,via app/components/SaatvaBrandHub.tsx;via app/data/researchRecords.ts;/compare;(mockup) /mockups/compare,2026-09-06,2026-09-06
saatva_latex_hybrid_watercolor.jpg,758581,C:/Users/chris/standardcommand/public/assets/illustrations/saatva_latex_hybrid_watercolor.jpg,app/components/SaatvaBrandHub.tsx;app/data/saatvaIllustrations.ts;app/data/saatvaResearch.ts;public/compare.html;public/mockups/compare.html;public/mockups/saatva-brand-page.html,via app/components/SaatvaBrandHub.tsx;via app/data/researchRecords.ts;/compare;(mockup) /mockups/compare,2026-09-06,2026-09-06
saatva_pillow_down_alt_watercolor.jpg,591794,C:/Users/chris/standardcommand/public/assets/illustrations/saatva_pillow_down_alt_watercolor.jpg,app/components/SaatvaBrandHub.tsx;app/data/saatvaIllustrations.ts;public/mockups/saatva-brand-page.html;public/saatva-brand-page.html;scripts/build_saatva_mockup.py;scripts/verify_phase1_assets.cjs,via app/components/SaatvaBrandHub.tsx;(mockup) /mockups/saatva-brand-page;/saatva-brand-page,2026-09-06,2026-09-06
saatva_pillow_latex_watercolor.jpg,595088,C:/Users/chris/standardcommand/public/assets/illustrations/saatva_pillow_latex_watercolor.jpg,app/components/SaatvaBrandHub.tsx;app/data/saatvaIllustrations.ts;public/mockups/saatva-brand-page.html;public/saatva-brand-page.html;scripts/build_saatva_mockup.py;scripts/verify_phase1_assets.cjs,via app/components/SaatvaBrandHub.tsx;(mockup) /mockups/saatva-brand-page;/saatva-brand-page,2026-09-06,2026-09-06
saatva_pillow_memory_foam_watercolor.jpg,607857,C:/Users/chris/standardcommand/public/assets/illustrations/saatva_pillow_memory_foam_watercolor.jpg,app/components/SaatvaBrandHub.tsx;app/data/saatvaIllustrations.ts;public/mockups/saatva-brand-page.html;public/saatva-brand-page.html;scripts/build_saatva_mockup.py;scripts/verify_phase1_assets.cjs,via app/components/SaatvaBrandHub.tsx;(mockup) /mockups/saatva-brand-page;/saatva-brand-page,2026-09-06,2026-09-06
saatva_pillow_organic_quilted_watercolor.jpg,680120,C:/Users/chris/standardcommand/public/assets/illustrations/saatva_pillow_organic_quilted_watercolor.jpg,app/components/SaatvaBrandHub.tsx;app/data/saatvaIllustrations.ts;public/mockups/saatva-brand-page.html;public/saatva-brand-page.html;scripts/build_saatva_mockup.py;scripts/verify_phase1_assets.cjs,via app/components/SaatvaBrandHub.tsx;(mockup) /mockups/saatva-brand-page;/saatva-brand-page,2026-09-06,2026-09-06
saatva_protector_watercolor.jpg,749147,C:/Users/chris/standardcommand/public/assets/illustrations/saatva_protector_watercolor.jpg,app/components/SaatvaBrandHub.tsx;app/data/saatvaIllustrations.ts;public/mockups/saatva-brand-page.html;public/saatva-brand-page.html;scripts/build_saatva_mockup.py;scripts/verify_phase1_assets.cjs,via app/components/SaatvaBrandHub.tsx;(mockup) /mockups/saatva-brand-page;/saatva-brand-page,2026-09-06,2026-09-06
saatva_rx_watercolor.jpg,754783,C:/Users/chris/standardcommand/public/assets/illustrations/saatva_rx_watercolor.jpg,app/components/SaatvaBrandHub.tsx;app/data/saatvaIllustrations.ts;app/data/saatvaResearch.ts;public/compare.html;public/mockups/compare.html;public/mockups/saatva-brand-page.html,via app/components/SaatvaBrandHub.tsx;via app/data/researchRecords.ts;/compare;(mockup) /mockups/compare,2026-09-06,2026-09-06
saatva_topper_foam_watercolor.jpg,733267,C:/Users/chris/standardcommand/public/assets/illustrations/saatva_topper_foam_watercolor.jpg,app/components/SaatvaBrandHub.tsx;app/data/saatvaIllustrations.ts;public/mockups/saatva-brand-page.html;public/saatva-brand-page.html;scripts/build_saatva_mockup.py;scripts/verify_phase1_assets.cjs,via app/components/SaatvaBrandHub.tsx;(mockup) /mockups/saatva-brand-page;/saatva-brand-page,2026-09-06,2026-09-06
saatva_topper_graphite_watercolor.jpg,748513,C:/Users/chris/standardcommand/public/assets/illustrations/saatva_topper_graphite_watercolor.jpg,app/components/SaatvaBrandHub.tsx;app/data/saatvaIllustrations.ts;public/mockups/saatva-brand-page.html;public/saatva-brand-page.html;scripts/build_saatva_mockup.py;scripts/verify_phase1_assets.cjs,via app/components/SaatvaBrandHub.tsx;(mockup) /mockups/saatva-brand-page;/saatva-brand-page,2026-09-06,2026-09-06
saatva_topper_latex_watercolor.jpg,738215,C:/Users/chris/standardcommand/public/assets/illustrations/saatva_topper_latex_watercolor.jpg,app/components/SaatvaBrandHub.tsx;app/data/saatvaIllustrations.ts;public/mockups/saatva-brand-page.html;public/saatva-brand-page.html;scripts/build_saatva_mockup.py;scripts/verify_phase1_assets.cjs,via app/components/SaatvaBrandHub.tsx;(mockup) /mockups/saatva-brand-page;/saatva-brand-page,2026-09-06,2026-09-06
saatva_youth_watercolor.jpg,753975,C:/Users/chris/standardcommand/public/assets/illustrations/saatva_youth_watercolor.jpg,app/components/SaatvaBrandHub.tsx;app/data/saatvaIllustrations.ts;app/data/saatvaResearch.ts;public/mockups/saatva-brand-page.html;public/saatva-brand-page.html;scripts/build_saatva_mockup.py,via app/components/SaatvaBrandHub.tsx;via app/data/researchRecords.ts;(mockup) /mockups/saatva-brand-page;/saatva-brand-page,2026-09-06,2026-09-06
sealy_bali.jpg,749247,C:/Users/chris/standardcommand/public/assets/creative/bali_gallery/sealy_bali.jpg,public/index.html;public/mockups/modular-clean-home.html;public/modular-clean-home.html,/;(mockup) /mockups/modular-clean-home;/modular-clean-home,2026-09-06,2026-09-06
serta_bali.jpg,750520,C:/Users/chris/standardcommand/public/assets/creative/bali_gallery/serta_bali.jpg,public/index.html;public/mockups/modular-clean-home.html;public/modular-clean-home.html,/;(mockup) /mockups/modular-clean-home;/modular-clean-home,2026-09-06,2026-09-06
sleep_quality_fatigue_cycle.jpg,878187,C:/Users/chris/standardcommand/public/assets/illustrations/sleep_quality_fatigue_cycle.jpg,,,2026-09-06,2026-09-06
solaire_watercolor.jpg,755548,C:/Users/chris/standardcommand/public/assets/illustrations/solaire_watercolor.jpg,app/components/SaatvaBrandHub.tsx;app/data/saatvaIllustrations.ts;app/data/saatvaResearch.ts;public/mockups/saatva-brand-page.html;public/saatva-brand-page.html;scripts/build_saatva_mockup.py,via app/components/SaatvaBrandHub.tsx;via app/data/researchRecords.ts;(mockup) /mockups/saatva-brand-page;/saatva-brand-page,2026-09-06,2026-09-06
stearns_bali.jpg,846085,C:/Users/chris/standardcommand/public/assets/creative/bali_gallery/stearns_bali.jpg,,,2026-09-06,2026-09-06
style1_scandi_cutaway.jpg,822622,C:/Users/chris/standardcommand/public/assets/illustrations/style1_scandi_cutaway.jpg,,,2026-09-02,2026-09-02
style2_swiss_blueprint.jpg,820339,C:/Users/chris/standardcommand/public/assets/illustrations/style2_swiss_blueprint.jpg,,,2026-09-02,2026-09-02
style3_bauhaus_poster.jpg,570516,C:/Users/chris/standardcommand/public/assets/illustrations/style3_bauhaus_poster.jpg,,,2026-09-02,2026-09-02
style4_japandi_editorial.jpg,875575,C:/Users/chris/standardcommand/public/assets/illustrations/style4_japandi_editorial.jpg,,,2026-09-02,2026-09-02
tempur_bali.jpg,751694,C:/Users/chris/standardcommand/public/assets/creative/bali_gallery/tempur_bali.jpg,public/index.html;public/mockups/modular-clean-home.html;public/modular-clean-home.html,/;(mockup) /mockups/modular-clean-home;/modular-clean-home,2026-09-06,2026-09-06
tempurpedic_adapt_cutaway.jpg,799486,C:/Users/chris/standardcommand/public/assets/illustrations/tempurpedic_adapt_cutaway.jpg,public/nappedia_quiz_interactive_v2.html;public/preview_nappedia_teardowns.html;public/quiz.html;public/sleep-quiz-v2.html;scripts/brands_export.json;scripts/build_brand_mockup.py,/nappedia_quiz_interactive_v2;/preview_nappedia_teardowns;/quiz;/sleep-quiz-v2,2026-09-03,2026-09-05
toxicology_silica_barrier.jpg,946319,C:/Users/chris/standardcommand/public/assets/illustrations/toxicology_silica_barrier.jpg,,,2026-09-06,2026-09-06
tuft_bali.jpg,755353,C:/Users/chris/standardcommand/public/assets/creative/bali_gallery/tuft_bali.jpg,public/compare.html;public/mockups/compare.html,/compare;(mockup) /mockups/compare,2026-09-06,2026-09-06
winkbeds_bali.jpg,758377,C:/Users/chris/standardcommand/public/assets/creative/bali_gallery/winkbeds_bali.jpg,public/compare.html;public/index.html;public/mockups/compare.html;public/mockups/modular-clean-home.html;public/modular-clean-home.html,/compare;/;(mockup) /mockups/compare;(mockup) /mockups/modular-clean-home,2026-09-06,2026-09-06
zenhaven_watercolor.jpg,763420,C:/Users/chris/standardcommand/public/assets/illustrations/zenhaven_watercolor.jpg,app/components/SaatvaBrandHub.tsx;app/data/saatvaIllustrations.ts;app/data/saatvaResearch.ts;public/mockups/saatva-brand-page.html;public/saatva-brand-page.html;scripts/build_saatva_mockup.py,via app/components/SaatvaBrandHub.tsx;via app/data/researchRecords.ts;(mockup) /mockups/saatva-brand-page;/saatva-brand-page,2026-09-06,2026-09-06
